{"count":1,"self":834.87912959999994,"total":4598.547951,"children":{"InitializeActuators":{"count":20,"self":0.0039962999999999995,"total":0.0039962999999999995,"children":null},"InitializeSensors":{"count":20,"self":0.0039951,"total":0.0039951,"children":null},"AgentSendState":{"count":1367434,"self":4.0450876,"total":1697.0056201999998,"children":{"CollectObservations":{"count":773285,"self":9.747848,"total":9.7478483,"children":null},"WriteActionMask":{"count":773285,"self":1627.6541439999999,"total":1627.6541759,"children":null},"RequestDecision":{"count":773285,"self":3.2191752,"total":55.558508499999995,"children":{"AgentInfo.ToProto":{"count":773285,"self":2.8000719999999997,"total":52.3393333,"children":{"GenerateSensorData":{"count":773285,"self":49.5392608,"total":49.5392613,"children":null}}}}}}},"DecideAction":{"count":1367434,"self":2043.4085888,"total":2043.4085897,"children":null},"AgentAct":{"count":1367434,"self":21.0881616,"total":21.0881616,"children":null},"AgentInfo.ToProto":{"count":31424,"self":0.1518156,"total":2.1564764999999997,"children":{"GenerateSensorData":{"count":31424,"self":2.0046608,"total":2.0046608999999997,"children":null}}}},"gauges":{"quoridor-top.CumulativeReward":{"count":15712,"max":1,"min":-0.977272749,"runningAverage":-0.0121715218,"value":1,"weightedAverage":-0.231226876},"quoridor-bottom.CumulativeReward":{"count":15712,"max":1,"min":-0.9814815,"runningAverage":-0.09660585,"value":-0.9375,"weightedAverage":0.2085203}},"metadata":{"timer_format_version":"0.1.0","start_time_seconds":"1723226180","unity_version":"2023.2.12f1","command_line_arguments":"C:\\Program Files\\Unity\\Hub\\Editor\\2023.2.12f1\\Editor\\Unity.exe -projectpath D:\\Documents\\Projects\\Quoridor -useHub -hubIPC -cloudEnvironment production","communication_protocol_version":"1.5.0","com.unity.ml-agents_version":"3.0.0-exp.1","scene_name":"MLTraining","end_time_seconds":"1723230779"}}